
{
  "firestore": {
    "rules": "firestore.rules",
    "indexes": "firestore.indexes.json"
  },
  "hosting": {
    "source": ".",
    "ignore": [
      "firebase.json",
      "**/.*",
      "**/node_modules/**"
    ],
    "frameworksBackend": {
      "region": "us-central1"
    }
  },
  "storage": {
    "rules": "storage.rules"
  },
  "functions": {
    "source": "functions",
    "predeploy": [
      "npm --prefix \"$RESOURCE_DIR\" install",
      "npm --prefix \"$RESOURCE_DIR\" run build"
    ]
  }
}
